seed,method,alpha,dropout,noise_std,connectivity,test_accuracy,test_macro_f1,mean_client_f1,worst_client_f1,retained_clients,completed_rounds,successful_client_updates,total_upload_bytes,total_download_bytes,total_communication_bytes,total_latency_ms,stale_updates_total,runtime_seconds,round,participating_clients,stale_updates,upload_bytes,download_bytes,latency_ms,model_parameters,model_bytes_fp32
0,centralized,100.0,0.0,0.0,ideal,0.9385964912280702,0.933693394266722,,,,50,,,,,,0,0.1245717369999965,,,,,,,,
1,centralized,100.0,0.0,0.0,ideal,0.9473684210526316,0.942866688940862,,,,50,,,,,,0,0.1708490650000271,,,,,,,,
2,centralized,100.0,0.0,0.0,ideal,0.9649122807017544,0.9614864864864864,,,,50,,,,,,0,0.1610287739999876,,,,,,,,
3,centralized,100.0,0.0,0.0,ideal,0.956140350877193,0.9526381387619444,,,,50,,,,,,0,0.1490444529999877,,,,,,,,
4,centralized,100.0,0.0,0.0,ideal,0.9649122807017544,0.9619111259605746,,,,50,,,,,,0,0.1115072629999645,,,,,,,,
0,local_only,100.0,0.0,0.0,ideal,,,0.5155131388219624,0.2307692307692307,10.0,1,,,,,,0,0.030903975000001,,,,,,,,
1,local_only,100.0,0.0,0.0,ideal,,,0.4858535431716547,0.25,10.0,1,,,,,,0,0.0356553249999933,,,,,,,,
2,local_only,100.0,0.0,0.0,ideal,,,0.4509293565911212,0.2666666666666666,10.0,1,,,,,,0,0.0758071600000107,,,,,,,,
3,local_only,100.0,0.0,0.0,ideal,,,0.5117721498487752,0.2142857142857142,10.0,1,,,,,,0,0.0496279160000199,,,,,,,,
4,local_only,100.0,0.0,0.0,ideal,,,0.4239592283361634,0.0769230769230769,10.0,1,,,,,,0,0.0471293230000355,,,,,,,,
0,fedavg,100.0,0.0,0.0,ideal,0.9385964912280702,0.933693394266722,0.9599540328952092,0.8901098901098901,10.0,50,500.0,2116000.0,2116000.0,4232000.0,1000.0,0,1.1393909559999995,50.0,10.0,0.0,42320.0,42320.0,20.0,1058.0,4232.0
1,fedavg,100.0,0.0,0.0,ideal,0.9473684210526316,0.942866688940862,0.9528952093657976,0.8285714285714285,10.0,50,500.0,2116000.0,2116000.0,4232000.0,1000.0,0,1.2867236309999726,50.0,10.0,0.0,42320.0,42320.0,20.0,1058.0,4232.0
2,fedavg,100.0,0.0,0.0,ideal,0.9649122807017544,0.9614864864864864,0.9428792122909768,0.8952380952380952,10.0,50,500.0,2116000.0,2116000.0,4232000.0,1000.0,0,1.0319786669999758,50.0,10.0,0.0,42320.0,42320.0,20.0,1058.0,4232.0
3,fedavg,100.0,0.0,0.0,ideal,0.956140350877193,0.9526381387619444,0.9725303454715218,0.8991596638655461,10.0,50,500.0,2116000.0,2116000.0,4232000.0,1000.0,0,1.0732893680000188,50.0,10.0,0.0,42320.0,42320.0,20.0,1058.0,4232.0
4,fedavg,100.0,0.0,0.0,ideal,0.9649122807017544,0.9619111259605746,0.9403111757523522,0.8035714285714286,10.0,50,500.0,2116000.0,2116000.0,4232000.0,1000.0,0,1.0367928020000363,50.0,10.0,0.0,42320.0,42320.0,20.0,1058.0,4232.0
0,fedprox,100.0,0.0,0.0,ideal,0.9385964912280702,0.933693394266722,0.9599540328952092,0.8901098901098901,10.0,50,500.0,2116000.0,2116000.0,4232000.0,1000.0,0,1.0474173510000355,50.0,10.0,0.0,42320.0,42320.0,20.0,1058.0,4232.0
1,fedprox,100.0,0.0,0.0,ideal,0.9473684210526316,0.942866688940862,0.9528952093657976,0.8285714285714285,10.0,50,500.0,2116000.0,2116000.0,4232000.0,1000.0,0,0.9971318479999808,50.0,10.0,0.0,42320.0,42320.0,20.0,1058.0,4232.0
2,fedprox,100.0,0.0,0.0,ideal,0.9649122807017544,0.9614864864864864,0.9428792122909768,0.8952380952380952,10.0,50,500.0,2116000.0,2116000.0,4232000.0,1000.0,0,1.0414175960000875,50.0,10.0,0.0,42320.0,42320.0,20.0,1058.0,4232.0
3,fedprox,100.0,0.0,0.0,ideal,0.956140350877193,0.9526381387619444,0.9725303454715218,0.8991596638655461,10.0,50,500.0,2116000.0,2116000.0,4232000.0,1000.0,0,1.0506920179999495,50.0,10.0,0.0,42320.0,42320.0,20.0,1058.0,4232.0
4,fedprox,100.0,0.0,0.0,ideal,0.9649122807017544,0.9619111259605746,0.9403111757523522,0.8035714285714286,10.0,50,500.0,2116000.0,2116000.0,4232000.0,1000.0,0,1.1095582799999877,50.0,10.0,0.0,42320.0,42320.0,20.0,1058.0,4232.0
0,centralized,10.0,0.0,0.0,ideal,0.9385964912280702,0.933693394266722,,,,50,,,,,,0,0.1657757909999873,,,,,,,,
1,centralized,10.0,0.0,0.0,ideal,0.9473684210526316,0.942866688940862,,,,50,,,,,,0,0.1507105879999812,,,,,,,,
2,centralized,10.0,0.0,0.0,ideal,0.9649122807017544,0.9614864864864864,,,,50,,,,,,0,0.1623699620000138,,,,,,,,
3,centralized,10.0,0.0,0.0,ideal,0.956140350877193,0.9526381387619444,,,,50,,,,,,0,0.1106611550000025,,,,,,,,
4,centralized,10.0,0.0,0.0,ideal,0.9649122807017544,0.9619111259605746,,,,50,,,,,,0,0.1145332880000182,,,,,,,,
0,local_only,10.0,0.0,0.0,ideal,,,0.5256217466743782,0.2727272727272727,10.0,1,,,,,,0,0.0649791609999965,,,,,,,,
1,local_only,10.0,0.0,0.0,ideal,,,0.5385215188447454,0.2777777777777778,10.0,1,,,,,,0,0.0496671040000364,,,,,,,,
2,local_only,10.0,0.0,0.0,ideal,,,0.4620417473823046,0.3076923076923077,10.0,1,,,,,,0,0.0469038379999915,,,,,,,,
3,local_only,10.0,0.0,0.0,ideal,,,0.4629633520074696,0.2,10.0,1,,,,,,0,0.0397264029999746,,,,,,,,
4,local_only,10.0,0.0,0.0,ideal,,,0.4161313767931415,0.2714285714285714,10.0,1,,,,,,0,0.0328345639999838,,,,,,,,
0,fedavg,10.0,0.0,0.0,ideal,0.9385964912280702,0.933693394266722,0.9446345811051692,0.8444444444444444,10.0,50,500.0,2116000.0,2116000.0,4232000.0,1000.0,0,1.044121758000017,50.0,10.0,0.0,42320.0,42320.0,20.0,1058.0,4232.0
1,fedavg,10.0,0.0,0.0,ideal,0.9473684210526316,0.942866688940862,0.9364905927405928,0.8333333333333334,10.0,50,500.0,2116000.0,2116000.0,4232000.0,1000.0,0,1.269735953999998,50.0,10.0,0.0,42320.0,42320.0,20.0,1058.0,4232.0
2,fedavg,10.0,0.0,0.0,ideal,0.9649122807017544,0.9614864864864864,0.954737027678204,0.8615384615384616,10.0,50,500.0,2116000.0,2116000.0,4232000.0,1000.0,0,0.9790179530000388,50.0,10.0,0.0,42320.0,42320.0,20.0,1058.0,4232.0
3,fedavg,10.0,0.0,0.0,ideal,0.956140350877193,0.9526381387619444,0.978931623931624,0.8611111111111112,10.0,50,500.0,2116000.0,2116000.0,4232000.0,1000.0,0,0.995135348999952,50.0,10.0,0.0,42320.0,42320.0,20.0,1058.0,4232.0
4,fedavg,10.0,0.0,0.0,ideal,0.9649122807017544,0.9619111259605746,0.9536996336996336,0.8761904761904762,10.0,50,500.0,2116000.0,2116000.0,4232000.0,1000.0,0,1.0342100369999798,50.0,10.0,0.0,42320.0,42320.0,20.0,1058.0,4232.0
0,fedprox,10.0,0.0,0.0,ideal,0.9385964912280702,0.933693394266722,0.9446345811051692,0.8444444444444444,10.0,50,500.0,2116000.0,2116000.0,4232000.0,1000.0,0,1.0751338279999345,50.0,10.0,0.0,42320.0,42320.0,20.0,1058.0,4232.0
1,fedprox,10.0,0.0,0.0,ideal,0.9473684210526316,0.942866688940862,0.9364905927405928,0.8333333333333334,10.0,50,500.0,2116000.0,2116000.0,4232000.0,1000.0,0,0.9865358140000352,50.0,10.0,0.0,42320.0,42320.0,20.0,1058.0,4232.0
2,fedprox,10.0,0.0,0.0,ideal,0.9649122807017544,0.9614864864864864,0.954737027678204,0.8615384615384616,10.0,50,500.0,2116000.0,2116000.0,4232000.0,1000.0,0,0.9817429040000434,50.0,10.0,0.0,42320.0,42320.0,20.0,1058.0,4232.0
3,fedprox,10.0,0.0,0.0,ideal,0.956140350877193,0.9526381387619444,0.978931623931624,0.8611111111111112,10.0,50,500.0,2116000.0,2116000.0,4232000.0,1000.0,0,0.9559717699999056,50.0,10.0,0.0,42320.0,42320.0,20.0,1058.0,4232.0
4,fedprox,10.0,0.0,0.0,ideal,0.9649122807017544,0.9619111259605746,0.9536996336996336,0.8761904761904762,10.0,50,500.0,2116000.0,2116000.0,4232000.0,1000.0,0,1.0403649830000177,50.0,10.0,0.0,42320.0,42320.0,20.0,1058.0,4232.0
0,centralized,1.0,0.0,0.0,ideal,0.9385964912280702,0.933693394266722,,,,50,,,,,,0,0.1198245089999545,,,,,,,,
1,centralized,1.0,0.0,0.0,ideal,0.9473684210526316,0.942866688940862,,,,50,,,,,,0,0.1168983809999417,,,,,,,,
2,centralized,1.0,0.0,0.0,ideal,0.9649122807017544,0.9614864864864864,,,,50,,,,,,0,0.107999030999963,,,,,,,,
3,centralized,1.0,0.0,0.0,ideal,0.956140350877193,0.9526381387619444,,,,50,,,,,,0,0.1578909890000659,,,,,,,,
4,centralized,1.0,0.0,0.0,ideal,0.9649122807017544,0.9619111259605746,,,,50,,,,,,0,0.1331174409999675,,,,,,,,
0,local_only,1.0,0.0,0.0,ideal,,,0.3911578862314157,0.0,10.0,1,,,,,,0,0.0324228760000551,,,,,,,,
1,local_only,1.0,0.0,0.0,ideal,,,0.4861924886707496,0.1666666666666666,10.0,1,,,,,,0,0.0289634179999893,,,,,,,,
2,local_only,1.0,0.0,0.0,ideal,,,0.4280218974573813,0.0,10.0,1,,,,,,0,0.0304969160000609,,,,,,,,
3,local_only,1.0,0.0,0.0,ideal,,,0.5245406445406446,0.1428571428571428,10.0,1,,,,,,0,0.0316422070000044,,,,,,,,
4,local_only,1.0,0.0,0.0,ideal,,,0.4024045908304476,0.0,10.0,1,,,,,,0,0.0333140499999444,,,,,,,,
0,fedavg,1.0,0.0,0.0,ideal,0.9385964912280702,0.933693394266722,0.8174020200645588,0.4285714285714285,10.0,50,500.0,2116000.0,2116000.0,4232000.0,1000.0,0,0.9960887539999704,50.0,10.0,0.0,42320.0,42320.0,20.0,1058.0,4232.0
1,fedavg,1.0,0.0,0.0,ideal,0.9473684210526316,0.942866688940862,0.8935161135161135,0.6190476190476191,10.0,50,500.0,2116000.0,2116000.0,4232000.0,1000.0,0,0.9829107569998996,50.0,10.0,0.0,42320.0,42320.0,20.0,1058.0,4232.0
2,fedavg,1.0,0.0,0.0,ideal,0.9649122807017544,0.9614864864864864,0.9746240876675658,0.8888888888888888,10.0,50,500.0,2116000.0,2116000.0,4232000.0,1000.0,0,1.1846300000000838,50.0,10.0,0.0,42320.0,42320.0,20.0,1058.0,4232.0
3,fedavg,1.0,0.0,0.0,ideal,0.956140350877193,0.9526381387619444,0.9068632756132756,0.625,10.0,50,500.0,2116000.0,2116000.0,4232000.0,1000.0,0,1.076519732999941,50.0,10.0,0.0,42320.0,42320.0,20.0,1058.0,4232.0
4,fedavg,1.0,0.0,0.0,ideal,0.9473684210526316,0.9434523809523808,0.8625881457770473,0.5833333333333333,10.0,50,500.0,2116000.0,2116000.0,4232000.0,1000.0,0,1.0195564730000797,50.0,10.0,0.0,42320.0,42320.0,20.0,1058.0,4232.0
0,fedprox,1.0,0.0,0.0,ideal,0.9385964912280702,0.933693394266722,0.8174020200645588,0.4285714285714285,10.0,50,500.0,2116000.0,2116000.0,4232000.0,1000.0,0,1.0453948450000323,50.0,10.0,0.0,42320.0,42320.0,20.0,1058.0,4232.0
1,fedprox,1.0,0.0,0.0,ideal,0.9473684210526316,0.942866688940862,0.8935161135161135,0.6190476190476191,10.0,50,500.0,2116000.0,2116000.0,4232000.0,1000.0,0,1.0524723229999609,50.0,10.0,0.0,42320.0,42320.0,20.0,1058.0,4232.0
2,fedprox,1.0,0.0,0.0,ideal,0.9649122807017544,0.9614864864864864,0.9746240876675658,0.8888888888888888,10.0,50,500.0,2116000.0,2116000.0,4232000.0,1000.0,0,1.158319673000051,50.0,10.0,0.0,42320.0,42320.0,20.0,1058.0,4232.0
3,fedprox,1.0,0.0,0.0,ideal,0.956140350877193,0.9526381387619444,0.9068632756132756,0.625,10.0,50,500.0,2116000.0,2116000.0,4232000.0,1000.0,0,1.1026149750000511,50.0,10.0,0.0,42320.0,42320.0,20.0,1058.0,4232.0
4,fedprox,1.0,0.0,0.0,ideal,0.9473684210526316,0.9434523809523808,0.8625881457770473,0.5833333333333333,10.0,50,500.0,2116000.0,2116000.0,4232000.0,1000.0,0,1.0198419890000423,50.0,10.0,0.0,42320.0,42320.0,20.0,1058.0,4232.0
0,centralized,0.1,0.0,0.0,ideal,0.9385964912280702,0.933693394266722,,,,50,,,,,,0,0.1426157749999674,,,,,,,,
1,centralized,0.1,0.0,0.0,ideal,0.9473684210526316,0.942866688940862,,,,50,,,,,,0,0.1175233490000664,,,,,,,,
2,centralized,0.1,0.0,0.0,ideal,0.9649122807017544,0.9614864864864864,,,,50,,,,,,0,0.1189950860000408,,,,,,,,
3,centralized,0.1,0.0,0.0,ideal,0.956140350877193,0.9526381387619444,,,,50,,,,,,0,0.1236925739999605,,,,,,,,
4,centralized,0.1,0.0,0.0,ideal,0.9649122807017544,0.9619111259605746,,,,50,,,,,,0,0.1580855440000732,,,,,,,,
0,local_only,0.1,0.0,0.0,ideal,,,0.545578231292517,0.1428571428571428,7.0,1,,,,,,0,0.0241802309999457,,,,,,,,
1,local_only,0.1,0.0,0.0,ideal,,,0.6115636822194199,0.2,5.0,1,,,,,,0,0.0164571579999801,,,,,,,,
2,local_only,0.1,0.0,0.0,ideal,,,0.4357964997964997,0.0,10.0,1,,,,,,0,0.0418479090000118,,,,,,,,
3,local_only,0.1,0.0,0.0,ideal,,,0.5818315389328631,0.217391304347826,6.0,1,,,,,,0,0.0234415740000031,,,,,,,,
4,local_only,0.1,0.0,0.0,ideal,,,0.3991587400055142,0.3225806451612903,6.0,1,,,,,,0,0.0258427320000009,,,,,,,,
0,fedavg,0.1,0.0,0.0,ideal,0.9385964912280702,0.933693394266722,0.8213224090125646,0.4285714285714285,7.0,50,350.0,1481200.0,1481200.0,2962400.0,1000.0,0,0.7615332810000837,50.0,7.0,0.0,29624.0,29624.0,20.0,1058.0,4232.0
1,fedavg,0.1,0.0,0.0,ideal,0.9473684210526316,0.942866688940862,0.8969696969696969,0.4848484848484848,5.0,50,250.0,1058000.0,1058000.0,2116000.0,1000.0,0,0.5285064909999164,50.0,5.0,0.0,21160.0,21160.0,20.0,1058.0,4232.0
2,fedavg,0.1,0.0,0.0,ideal,0.9649122807017544,0.9614864864864864,0.9364598364598364,0.4545454545454545,10.0,50,500.0,2116000.0,2116000.0,4232000.0,1000.0,0,1.0098733739999943,50.0,10.0,0.0,42320.0,42320.0,20.0,1058.0,4232.0
3,fedavg,0.1,0.0,0.0,ideal,0.956140350877193,0.9526381387619444,0.6462717071277692,0.4473684210526316,6.0,50,300.0,1269600.0,1269600.0,2539200.0,1000.0,0,0.8207531540000446,50.0,6.0,0.0,25392.0,25392.0,20.0,1058.0,4232.0
4,fedavg,0.1,0.0,0.0,ideal,0.9473684210526316,0.9434523809523808,0.7939241486068113,0.4473684210526316,6.0,50,300.0,1269600.0,1269600.0,2539200.0,1000.0,0,0.726353662000065,50.0,6.0,0.0,25392.0,25392.0,20.0,1058.0,4232.0
0,fedprox,0.1,0.0,0.0,ideal,0.9385964912280702,0.933693394266722,0.8213224090125646,0.4285714285714285,7.0,50,350.0,1481200.0,1481200.0,2962400.0,1000.0,0,0.7774026710000044,50.0,7.0,0.0,29624.0,29624.0,20.0,1058.0,4232.0
1,fedprox,0.1,0.0,0.0,ideal,0.9473684210526316,0.942866688940862,0.8969696969696969,0.4848484848484848,5.0,50,250.0,1058000.0,1058000.0,2116000.0,1000.0,0,0.5873615340000242,50.0,5.0,0.0,21160.0,21160.0,20.0,1058.0,4232.0
2,fedprox,0.1,0.0,0.0,ideal,0.9649122807017544,0.9614864864864864,0.9364598364598364,0.4545454545454545,10.0,50,500.0,2116000.0,2116000.0,4232000.0,1000.0,0,1.0435013170000502,50.0,10.0,0.0,42320.0,42320.0,20.0,1058.0,4232.0
3,fedprox,0.1,0.0,0.0,ideal,0.956140350877193,0.9526381387619444,0.6462717071277692,0.4473684210526316,6.0,50,300.0,1269600.0,1269600.0,2539200.0,1000.0,0,0.6631708310000022,50.0,6.0,0.0,25392.0,25392.0,20.0,1058.0,4232.0
4,fedprox,0.1,0.0,0.0,ideal,0.9473684210526316,0.9434523809523808,0.7939241486068113,0.4473684210526316,6.0,50,300.0,1269600.0,1269600.0,2539200.0,1000.0,0,0.7003545889999714,50.0,6.0,0.0,25392.0,25392.0,20.0,1058.0,4232.0
0,fedavg,0.1,0.0,0.0,ideal,0.9385964912280702,0.933693394266722,0.8213224090125646,0.4285714285714285,7.0,50,350.0,1481200.0,1481200.0,2962400.0,1000.0,0,0.7254456730000811,50.0,7.0,0.0,29624.0,29624.0,20.0,1058.0,4232.0
1,fedavg,0.1,0.0,0.0,ideal,0.9473684210526316,0.942866688940862,0.8969696969696969,0.4848484848484848,5.0,50,250.0,1058000.0,1058000.0,2116000.0,1000.0,0,0.584504946999914,50.0,5.0,0.0,21160.0,21160.0,20.0,1058.0,4232.0
2,fedavg,0.1,0.0,0.0,ideal,0.9649122807017544,0.9614864864864864,0.9364598364598364,0.4545454545454545,10.0,50,500.0,2116000.0,2116000.0,4232000.0,1000.0,0,1.0559920079999756,50.0,10.0,0.0,42320.0,42320.0,20.0,1058.0,4232.0
3,fedavg,0.1,0.0,0.0,ideal,0.956140350877193,0.9526381387619444,0.6462717071277692,0.4473684210526316,6.0,50,300.0,1269600.0,1269600.0,2539200.0,1000.0,0,0.6035584460000791,50.0,6.0,0.0,25392.0,25392.0,20.0,1058.0,4232.0
4,fedavg,0.1,0.0,0.0,ideal,0.9473684210526316,0.9434523809523808,0.7939241486068113,0.4473684210526316,6.0,50,300.0,1269600.0,1269600.0,2539200.0,1000.0,0,0.6115476240000817,50.0,6.0,0.0,25392.0,25392.0,20.0,1058.0,4232.0
0,fedavg,0.1,0.1,0.0,ideal,0.9473684210526316,0.942866688940862,0.811672037235947,0.4285714285714285,7.0,50,313.0,1324616.0,1324616.0,2649232.0,1000.0,0,0.7410139379999237,50.0,6.0,0.0,25392.0,25392.0,20.0,1058.0,4232.0
1,fedavg,0.1,0.1,0.0,ideal,0.9473684210526316,0.9434523809523808,0.7960351175304445,0.4848484848484848,5.0,50,209.0,884488.0,884488.0,1768976.0,1000.0,0,0.5321547469999359,50.0,5.0,0.0,21160.0,21160.0,20.0,1058.0,4232.0
2,fedavg,0.1,0.1,0.0,ideal,0.9649122807017544,0.9614864864864864,0.9380641145347028,0.4705882352941176,10.0,50,446.0,1887472.0,1887472.0,3774944.0,1000.0,0,0.957888181000044,50.0,9.0,0.0,38088.0,38088.0,20.0,1058.0,4232.0
3,fedavg,0.1,0.1,0.0,ideal,0.956140350877193,0.9526381387619444,0.6431928893937789,0.4473684210526316,6.0,50,280.0,1184960.0,1184960.0,2369920.0,1000.0,0,0.7873183279999694,50.0,5.0,0.0,21160.0,21160.0,20.0,1058.0,4232.0
4,fedavg,0.1,0.1,0.0,ideal,0.9473684210526316,0.9434523809523808,0.7093830858048787,0.4473684210526316,6.0,50,269.0,1138408.0,1138408.0,2276816.0,1000.0,0,0.7301061659999277,50.0,5.0,0.0,21160.0,21160.0,20.0,1058.0,4232.0
0,fedavg,0.1,0.2,0.0,ideal,0.9385964912280702,0.933693394266722,0.8213224090125646,0.4285714285714285,7.0,50,289.0,1223048.0,1223048.0,2446096.0,1000.0,0,0.6747416990000374,50.0,4.0,0.0,16928.0,16928.0,20.0,1058.0,4232.0
1,fedavg,0.1,0.2,0.0,ideal,0.9473684210526316,0.942866688940862,0.7960351175304445,0.4848484848484848,5.0,50,195.0,825240.0,825240.0,1650480.0,1000.0,0,0.5294592399999374,50.0,3.0,0.0,12696.0,12696.0,20.0,1058.0,4232.0
2,fedavg,0.1,0.2,0.0,ideal,0.9649122807017544,0.9614864864864864,0.9364598364598364,0.4545454545454545,10.0,50,403.0,1705496.0,1705496.0,3410992.0,1000.0,0,0.9174078769999596,50.0,10.0,0.0,42320.0,42320.0,20.0,1058.0,4232.0
3,fedavg,0.1,0.2,0.0,ideal,0.956140350877193,0.9526381387619444,0.6462717071277692,0.4473684210526316,6.0,50,249.0,1053768.0,1053768.0,2107536.0,1000.0,0,0.6199038810000275,50.0,6.0,0.0,25392.0,25392.0,20.0,1058.0,4232.0
4,fedavg,0.1,0.2,0.0,ideal,0.9473684210526316,0.9434523809523808,0.7993695876519945,0.4473684210526316,6.0,50,241.0,1019912.0,1019912.0,2039824.0,1000.0,0,0.7264457950000178,50.0,4.0,0.0,16928.0,16928.0,20.0,1058.0,4232.0
0,fedavg,0.1,0.3,0.0,ideal,0.9298245614035088,0.9253193580085162,0.8196085451724551,0.4285714285714285,7.0,50,255.0,1079160.0,1079160.0,2158320.0,1000.0,0,0.7073832139999467,50.0,3.0,0.0,12696.0,12696.0,20.0,1058.0,4232.0
1,fedavg,0.1,0.3,0.0,ideal,0.956140350877193,0.9526381387619444,0.7960351175304445,0.4848484848484848,5.0,50,175.0,740600.0,740600.0,1481200.0,1000.0,0,0.6094587500000443,50.0,4.0,0.0,16928.0,16928.0,20.0,1058.0,4232.0
2,fedavg,0.1,0.3,0.0,ideal,0.9649122807017544,0.9614864864864864,0.9364598364598364,0.4545454545454545,10.0,50,339.0,1434648.0,1434648.0,2869296.0,1000.0,0,1.0447423159999971,50.0,7.0,0.0,29624.0,29624.0,20.0,1058.0,4232.0
3,fedavg,0.1,0.3,0.0,ideal,0.956140350877193,0.9526381387619444,0.6462717071277692,0.4473684210526316,6.0,49,226.0,956432.0,956432.0,1912864.0,1000.0,0,0.7264248139999836,50.0,5.0,0.0,21160.0,21160.0,20.0,1058.0,4232.0
4,fedavg,0.1,0.3,0.0,ideal,0.9473684210526316,0.9434523809523808,0.7093830858048787,0.4473684210526316,6.0,50,206.0,871792.0,871792.0,1743584.0,1000.0,0,0.8000772009999082,50.0,5.0,0.0,21160.0,21160.0,20.0,1058.0,4232.0
0,fedavg,0.1,0.4,0.0,ideal,0.9473684210526316,0.9434523809523808,0.8207600474400287,0.4285714285714285,7.0,50,215.0,909880.0,909880.0,1819760.0,1000.0,0,0.8419010070000468,50.0,3.0,0.0,12696.0,12696.0,20.0,1058.0,4232.0
1,fedavg,0.1,0.4,0.0,ideal,0.9473684210526316,0.942866688940862,0.8969696969696969,0.4848484848484848,5.0,48,148.0,626336.0,626336.0,1252672.0,1000.0,0,0.6929157880000503,50.0,5.0,0.0,21160.0,21160.0,20.0,1058.0,4232.0
2,fedavg,0.1,0.4,0.0,ideal,0.9649122807017544,0.9614864864864864,0.9380641145347028,0.4705882352941176,10.0,50,302.0,1278064.0,1278064.0,2556128.0,1000.0,0,0.9702763700000788,50.0,7.0,0.0,29624.0,29624.0,20.0,1058.0,4232.0
3,fedavg,0.1,0.4,0.0,ideal,0.9649122807017544,0.9623015873015872,0.6462717071277692,0.4473684210526316,6.0,50,200.0,846400.0,846400.0,1692800.0,1000.0,0,0.7169216779999488,50.0,5.0,0.0,21160.0,21160.0,20.0,1058.0,4232.0
4,fedavg,0.1,0.4,0.0,ideal,0.9473684210526316,0.9434523809523808,0.7939241486068113,0.4473684210526316,6.0,50,182.0,770224.0,770224.0,1540448.0,1000.0,0,0.7610233070000731,50.0,3.0,0.0,12696.0,12696.0,20.0,1058.0,4232.0
0,fedprox,0.1,0.0,0.0,ideal,0.9385964912280702,0.933693394266722,0.8213224090125646,0.4285714285714285,7.0,50,350.0,1481200.0,1481200.0,2962400.0,1000.0,0,0.7696532869999828,50.0,7.0,0.0,29624.0,29624.0,20.0,1058.0,4232.0
1,fedprox,0.1,0.0,0.0,ideal,0.9473684210526316,0.942866688940862,0.8969696969696969,0.4848484848484848,5.0,50,250.0,1058000.0,1058000.0,2116000.0,1000.0,0,0.5981778689999828,50.0,5.0,0.0,21160.0,21160.0,20.0,1058.0,4232.0
2,fedprox,0.1,0.0,0.0,ideal,0.9649122807017544,0.9614864864864864,0.9364598364598364,0.4545454545454545,10.0,50,500.0,2116000.0,2116000.0,4232000.0,1000.0,0,1.0960189119999768,50.0,10.0,0.0,42320.0,42320.0,20.0,1058.0,4232.0
3,fedprox,0.1,0.0,0.0,ideal,0.956140350877193,0.9526381387619444,0.6462717071277692,0.4473684210526316,6.0,50,300.0,1269600.0,1269600.0,2539200.0,1000.0,0,0.6523738000000776,50.0,6.0,0.0,25392.0,25392.0,20.0,1058.0,4232.0
4,fedprox,0.1,0.0,0.0,ideal,0.9473684210526316,0.9434523809523808,0.7939241486068113,0.4473684210526316,6.0,50,300.0,1269600.0,1269600.0,2539200.0,1000.0,0,0.7080718939999997,50.0,6.0,0.0,25392.0,25392.0,20.0,1058.0,4232.0
0,fedprox,0.1,0.1,0.0,ideal,0.9473684210526316,0.942866688940862,0.811672037235947,0.4285714285714285,7.0,50,313.0,1324616.0,1324616.0,2649232.0,1000.0,0,0.7531756800000267,50.0,6.0,0.0,25392.0,25392.0,20.0,1058.0,4232.0
1,fedprox,0.1,0.1,0.0,ideal,0.9473684210526316,0.9434523809523808,0.7960351175304445,0.4848484848484848,5.0,50,209.0,884488.0,884488.0,1768976.0,1000.0,0,0.5047489959999893,50.0,5.0,0.0,21160.0,21160.0,20.0,1058.0,4232.0
2,fedprox,0.1,0.1,0.0,ideal,0.9649122807017544,0.9614864864864864,0.9380641145347028,0.4705882352941176,10.0,50,446.0,1887472.0,1887472.0,3774944.0,1000.0,0,1.0758751439999514,50.0,9.0,0.0,38088.0,38088.0,20.0,1058.0,4232.0
3,fedprox,0.1,0.1,0.0,ideal,0.956140350877193,0.9526381387619444,0.6431928893937789,0.4473684210526316,6.0,50,280.0,1184960.0,1184960.0,2369920.0,1000.0,0,0.7478766379999797,50.0,5.0,0.0,21160.0,21160.0,20.0,1058.0,4232.0
4,fedprox,0.1,0.1,0.0,ideal,0.9473684210526316,0.9434523809523808,0.7093830858048787,0.4473684210526316,6.0,50,269.0,1138408.0,1138408.0,2276816.0,1000.0,0,0.6281410259999802,50.0,5.0,0.0,21160.0,21160.0,20.0,1058.0,4232.0
0,fedprox,0.1,0.2,0.0,ideal,0.9385964912280702,0.933693394266722,0.8213224090125646,0.4285714285714285,7.0,50,289.0,1223048.0,1223048.0,2446096.0,1000.0,0,0.7737080780000269,50.0,4.0,0.0,16928.0,16928.0,20.0,1058.0,4232.0
1,fedprox,0.1,0.2,0.0,ideal,0.9473684210526316,0.942866688940862,0.7960351175304445,0.4848484848484848,5.0,50,195.0,825240.0,825240.0,1650480.0,1000.0,0,0.5633660350000582,50.0,3.0,0.0,12696.0,12696.0,20.0,1058.0,4232.0
2,fedprox,0.1,0.2,0.0,ideal,0.9649122807017544,0.9614864864864864,0.9364598364598364,0.4545454545454545,10.0,50,403.0,1705496.0,1705496.0,3410992.0,1000.0,0,0.9652860890000738,50.0,10.0,0.0,42320.0,42320.0,20.0,1058.0,4232.0
3,fedprox,0.1,0.2,0.0,ideal,0.956140350877193,0.9526381387619444,0.6462717071277692,0.4473684210526316,6.0,50,249.0,1053768.0,1053768.0,2107536.0,1000.0,0,0.6514460219999592,50.0,6.0,0.0,25392.0,25392.0,20.0,1058.0,4232.0
4,fedprox,0.1,0.2,0.0,ideal,0.9473684210526316,0.9434523809523808,0.7993695876519945,0.4473684210526316,6.0,50,241.0,1019912.0,1019912.0,2039824.0,1000.0,0,0.6447425989999829,50.0,4.0,0.0,16928.0,16928.0,20.0,1058.0,4232.0
0,fedprox,0.1,0.3,0.0,ideal,0.9298245614035088,0.9253193580085162,0.8196085451724551,0.4285714285714285,7.0,50,255.0,1079160.0,1079160.0,2158320.0,1000.0,0,0.81996033300004,50.0,3.0,0.0,12696.0,12696.0,20.0,1058.0,4232.0
1,fedprox,0.1,0.3,0.0,ideal,0.956140350877193,0.9526381387619444,0.7960351175304445,0.4848484848484848,5.0,50,175.0,740600.0,740600.0,1481200.0,1000.0,0,0.5904290209999772,50.0,4.0,0.0,16928.0,16928.0,20.0,1058.0,4232.0
2,fedprox,0.1,0.3,0.0,ideal,0.9649122807017544,0.9614864864864864,0.9364598364598364,0.4545454545454545,10.0,50,339.0,1434648.0,1434648.0,2869296.0,1000.0,0,1.112231751999957,50.0,7.0,0.0,29624.0,29624.0,20.0,1058.0,4232.0
3,fedprox,0.1,0.3,0.0,ideal,0.956140350877193,0.9526381387619444,0.6462717071277692,0.4473684210526316,6.0,49,226.0,956432.0,956432.0,1912864.0,1000.0,0,0.8363863999999239,50.0,5.0,0.0,21160.0,21160.0,20.0,1058.0,4232.0
4,fedprox,0.1,0.3,0.0,ideal,0.9473684210526316,0.9434523809523808,0.7093830858048787,0.4473684210526316,6.0,50,206.0,871792.0,871792.0,1743584.0,1000.0,0,0.7676215889999867,50.0,5.0,0.0,21160.0,21160.0,20.0,1058.0,4232.0
0,fedprox,0.1,0.4,0.0,ideal,0.9473684210526316,0.9434523809523808,0.8207600474400287,0.4285714285714285,7.0,50,215.0,909880.0,909880.0,1819760.0,1000.0,0,0.9553508479999664,50.0,3.0,0.0,12696.0,12696.0,20.0,1058.0,4232.0
1,fedprox,0.1,0.4,0.0,ideal,0.9473684210526316,0.942866688940862,0.8969696969696969,0.4848484848484848,5.0,48,148.0,626336.0,626336.0,1252672.0,1000.0,0,0.5723484070000495,50.0,5.0,0.0,21160.0,21160.0,20.0,1058.0,4232.0
2,fedprox,0.1,0.4,0.0,ideal,0.9649122807017544,0.9614864864864864,0.9380641145347028,0.4705882352941176,10.0,50,302.0,1278064.0,1278064.0,2556128.0,1000.0,0,0.9905268940000268,50.0,7.0,0.0,29624.0,29624.0,20.0,1058.0,4232.0
3,fedprox,0.1,0.4,0.0,ideal,0.9649122807017544,0.9623015873015872,0.6462717071277692,0.4473684210526316,6.0,50,200.0,846400.0,846400.0,1692800.0,1000.0,0,0.7573229560000527,50.0,5.0,0.0,21160.0,21160.0,20.0,1058.0,4232.0
4,fedprox,0.1,0.4,0.0,ideal,0.9473684210526316,0.9434523809523808,0.7939241486068113,0.4473684210526316,6.0,50,182.0,770224.0,770224.0,1540448.0,1000.0,0,0.6642054459999827,50.0,3.0,0.0,12696.0,12696.0,20.0,1058.0,4232.0
0,fedprox,0.1,0.0,0.0,ideal,0.9385964912280702,0.933693394266722,0.8213224090125646,0.4285714285714285,7.0,50,350.0,1481200.0,1481200.0,2962400.0,1000.0,0,0.718232680999904,50.0,7.0,0.0,29624.0,29624.0,20.0,1058.0,4232.0
1,fedprox,0.1,0.0,0.0,ideal,0.9473684210526316,0.942866688940862,0.8969696969696969,0.4848484848484848,5.0,50,250.0,1058000.0,1058000.0,2116000.0,1000.0,0,0.5569045539999706,50.0,5.0,0.0,21160.0,21160.0,20.0,1058.0,4232.0
2,fedprox,0.1,0.0,0.0,ideal,0.9649122807017544,0.9614864864864864,0.9364598364598364,0.4545454545454545,10.0,50,500.0,2116000.0,2116000.0,4232000.0,1000.0,0,1.1140476819999776,50.0,10.0,0.0,42320.0,42320.0,20.0,1058.0,4232.0
3,fedprox,0.1,0.0,0.0,ideal,0.956140350877193,0.9526381387619444,0.6462717071277692,0.4473684210526316,6.0,50,300.0,1269600.0,1269600.0,2539200.0,1000.0,0,0.6673730769999793,50.0,6.0,0.0,25392.0,25392.0,20.0,1058.0,4232.0
4,fedprox,0.1,0.0,0.0,ideal,0.9473684210526316,0.9434523809523808,0.7939241486068113,0.4473684210526316,6.0,50,300.0,1269600.0,1269600.0,2539200.0,1000.0,0,0.6343799589999435,50.0,6.0,0.0,25392.0,25392.0,20.0,1058.0,4232.0
0,fedprox,0.1,0.0,0.0,moderate,0.9385964912280702,0.933693394266722,0.8207600474400287,0.4285714285714285,7.0,50,317.0,1341544.0,1341544.0,2683088.0,6300.0,13,0.8257602930000303,50.0,7.0,0.0,29624.0,29624.0,100.0,1058.0,4232.0
1,fedprox,0.1,0.0,0.0,moderate,0.9473684210526316,0.942866688940862,0.8969696969696969,0.4848484848484848,5.0,50,225.0,952200.0,952200.0,1904400.0,6900.0,19,0.6258784030000015,50.0,5.0,1.0,21160.0,21160.0,200.0,1058.0,4232.0
2,fedprox,0.1,0.0,0.0,moderate,0.9649122807017544,0.9614864864864864,0.9364598364598364,0.4545454545454545,10.0,50,464.0,1963648.0,1963648.0,3927296.0,7000.0,20,1.09218399100007,50.0,10.0,1.0,42320.0,42320.0,200.0,1058.0,4232.0
3,fedprox,0.1,0.0,0.0,moderate,0.956140350877193,0.9526381387619444,0.6462717071277692,0.4473684210526316,6.0,50,268.0,1134176.0,1134176.0,2268352.0,6000.0,10,0.6336779009999418,50.0,6.0,1.0,25392.0,25392.0,200.0,1058.0,4232.0
4,fedprox,0.1,0.0,0.0,moderate,0.9473684210526316,0.9434523809523808,0.7939241486068113,0.4473684210526316,6.0,50,261.0,1104552.0,1104552.0,2209104.0,6900.0,19,0.6212070999999924,50.0,6.0,0.0,25392.0,25392.0,100.0,1058.0,4232.0
0,fedprox,0.1,0.0,0.0,poor,0.9385964912280702,0.933693394266722,0.8213224090125646,0.4285714285714285,7.0,50,287.0,1214584.0,1214584.0,2429168.0,25800.0,36,0.6976688839999952,50.0,5.0,0.0,21160.0,21160.0,300.0,1058.0,4232.0
1,fedprox,0.1,0.0,0.0,poor,0.9473684210526316,0.942866688940862,0.8969696969696969,0.4848484848484848,5.0,50,194.0,821008.0,821008.0,1642016.0,21900.0,23,0.5438495539999622,50.0,4.0,0.0,16928.0,16928.0,300.0,1058.0,4232.0
2,fedprox,0.1,0.0,0.0,poor,0.9649122807017544,0.9614864864864864,0.9380641145347028,0.4705882352941176,10.0,50,400.0,1692800.0,1692800.0,3385600.0,26100.0,37,1.0130892520000998,50.0,8.0,0.0,33856.0,33856.0,300.0,1058.0,4232.0
3,fedprox,0.1,0.0,0.0,poor,0.9649122807017544,0.9623015873015872,0.6462717071277692,0.4473684210526316,6.0,50,230.0,973360.0,973360.0,1946720.0,20400.0,18,0.6657344709999506,50.0,6.0,0.0,25392.0,25392.0,300.0,1058.0,4232.0
4,fedprox,0.1,0.0,0.0,poor,0.9473684210526316,0.9434523809523808,0.7939241486068113,0.4473684210526316,6.0,50,251.0,1062232.0,1062232.0,2124464.0,22500.0,25,0.6495957979999503,50.0,4.0,1.0,16928.0,16928.0,600.0,1058.0,4232.0
0,fedprox,0.1,0.0,0.0,intermittent,0.9473684210526316,0.9434523809523808,0.8207600474400287,0.4285714285714285,7.0,50,222.0,939504.0,939504.0,1879008.0,92800.0,66,0.6359110839999857,50.0,5.0,0.0,21160.0,21160.0,800.0,1058.0,4232.0
1,fedprox,0.1,0.0,0.0,intermittent,0.9473684210526316,0.942866688940862,0.8969696969696969,0.4848484848484848,5.0,50,146.0,617872.0,617872.0,1235744.0,70400.0,38,0.4728831139999556,50.0,4.0,0.0,16928.0,16928.0,800.0,1058.0,4232.0
2,fedprox,0.1,0.0,0.0,intermittent,0.9649122807017544,0.9614864864864864,0.9380641145347028,0.4705882352941176,10.0,50,303.0,1282296.0,1282296.0,2564592.0,92800.0,66,1.001952105999976,50.0,7.0,2.0,29624.0,29624.0,2400.0,1058.0,4232.0
3,fedprox,0.1,0.0,0.0,intermittent,0.9649122807017544,0.9623015873015872,0.6462717071277692,0.4473684210526316,6.0,50,174.0,736368.0,736368.0,1472736.0,68000.0,35,0.5981311350000169,50.0,3.0,0.0,12696.0,12696.0,800.0,1058.0,4232.0
4,fedprox,0.1,0.0,0.0,intermittent,0.956140350877193,0.9531057178116,0.7090709624277399,0.4545454545454545,6.0,50,180.0,761760.0,761760.0,1523520.0,76000.0,45,0.6369723830000567,50.0,3.0,1.0,12696.0,12696.0,1600.0,1058.0,4232.0
0,fedprox,0.1,0.0,0.0,severe,0.9298245614035088,0.9253193580085162,0.8196085451724551,0.4285714285714285,7.0,50,172.0,727904.0,727904.0,1455808.0,180000.0,70,0.7078749120000793,50.0,3.0,2.0,12696.0,12696.0,4500.0,1058.0,4232.0
1,fedprox,0.1,0.0,0.0,severe,0.9473684210526316,0.942866688940862,0.7960351175304445,0.4848484848484848,5.0,48,128.0,541696.0,541696.0,1083392.0,150000.0,50,0.4880509399999937,50.0,2.0,0.0,8464.0,8464.0,1500.0,1058.0,4232.0
2,fedprox,0.1,0.0,0.0,severe,0.956140350877193,0.9521289997480472,0.9380641145347028,0.4705882352941176,10.0,49,243.0,1028376.0,1028376.0,2056752.0,229500.0,103,0.8797257070000342,50.0,5.0,0.0,21160.0,21160.0,1500.0,1058.0,4232.0
3,fedprox,0.1,0.0,0.0,severe,0.956140350877193,0.9526381387619444,0.6283057705592917,0.4,6.0,46,143.0,605176.0,605176.0,1210352.0,162000.0,58,0.5599565590000566,50.0,0.0,0.0,0.0,0.0,1500.0,1058.0,4232.0
4,fedprox,0.1,0.0,0.0,severe,0.9385964912280702,0.9343480049362404,0.620835668310093,0.4545454545454545,6.0,49,152.0,643264.0,643264.0,1286528.0,174000.0,66,0.5846598199999562,50.0,1.0,0.0,4232.0,4232.0,1500.0,1058.0,4232.0
0,fedprox,0.1,0.0,0.0,ideal,0.9385964912280702,0.933693394266722,0.8213224090125646,0.4285714285714285,7.0,50,350.0,1481200.0,1481200.0,2962400.0,1000.0,0,0.7163802350000879,50.0,7.0,0.0,29624.0,29624.0,20.0,1058.0,4232.0
1,fedprox,0.1,0.0,0.0,ideal,0.9473684210526316,0.942866688940862,0.8969696969696969,0.4848484848484848,5.0,50,250.0,1058000.0,1058000.0,2116000.0,1000.0,0,0.5803054990000192,50.0,5.0,0.0,21160.0,21160.0,20.0,1058.0,4232.0
2,fedprox,0.1,0.0,0.0,ideal,0.9649122807017544,0.9614864864864864,0.9364598364598364,0.4545454545454545,10.0,50,500.0,2116000.0,2116000.0,4232000.0,1000.0,0,1.1650714009999774,50.0,10.0,0.0,42320.0,42320.0,20.0,1058.0,4232.0
3,fedprox,0.1,0.0,0.0,ideal,0.956140350877193,0.9526381387619444,0.6462717071277692,0.4473684210526316,6.0,50,300.0,1269600.0,1269600.0,2539200.0,1000.0,0,0.6954721920000111,50.0,6.0,0.0,25392.0,25392.0,20.0,1058.0,4232.0
4,fedprox,0.1,0.0,0.0,ideal,0.9473684210526316,0.9434523809523808,0.7939241486068113,0.4473684210526316,6.0,50,300.0,1269600.0,1269600.0,2539200.0,1000.0,0,0.7297192280000218,50.0,6.0,0.0,25392.0,25392.0,20.0,1058.0,4232.0
0,fedprox,0.1,0.0,0.001,ideal,0.9385964912280702,0.933693394266722,0.8213224090125646,0.4285714285714285,7.0,50,350.0,1481200.0,1481200.0,2962400.0,1000.0,0,0.9220934209999996,50.0,7.0,0.0,29624.0,29624.0,20.0,1058.0,4232.0
1,fedprox,0.1,0.0,0.001,ideal,0.9473684210526316,0.942866688940862,0.8969696969696969,0.4848484848484848,5.0,50,250.0,1058000.0,1058000.0,2116000.0,1000.0,0,0.6637445689999595,50.0,5.0,0.0,21160.0,21160.0,20.0,1058.0,4232.0
2,fedprox,0.1,0.0,0.001,ideal,0.9649122807017544,0.9614864864864864,0.9364598364598364,0.4545454545454545,10.0,50,500.0,2116000.0,2116000.0,4232000.0,1000.0,0,1.1123207759999332,50.0,10.0,0.0,42320.0,42320.0,20.0,1058.0,4232.0
3,fedprox,0.1,0.0,0.001,ideal,0.956140350877193,0.9526381387619444,0.6431928893937789,0.4473684210526316,6.0,50,300.0,1269600.0,1269600.0,2539200.0,1000.0,0,0.623893786999929,50.0,6.0,0.0,25392.0,25392.0,20.0,1058.0,4232.0
4,fedprox,0.1,0.0,0.001,ideal,0.9473684210526316,0.9434523809523808,0.7939241486068113,0.4473684210526316,6.0,50,300.0,1269600.0,1269600.0,2539200.0,1000.0,0,0.6301373229999854,50.0,6.0,0.0,25392.0,25392.0,20.0,1058.0,4232.0
0,fedprox,0.1,0.0,0.005,ideal,0.9385964912280702,0.933693394266722,0.8933046902971716,0.4285714285714285,7.0,50,350.0,1481200.0,1481200.0,2962400.0,1000.0,0,0.7158976540000594,50.0,7.0,0.0,29624.0,29624.0,20.0,1058.0,4232.0
1,fedprox,0.1,0.0,0.005,ideal,0.9473684210526316,0.9434523809523808,0.8969696969696969,0.4848484848484848,5.0,50,250.0,1058000.0,1058000.0,2116000.0,1000.0,0,0.5478594159999375,50.0,5.0,0.0,21160.0,21160.0,20.0,1058.0,4232.0
2,fedprox,0.1,0.0,0.005,ideal,0.9649122807017544,0.9614864864864864,0.9380641145347028,0.4705882352941176,10.0,50,500.0,2116000.0,2116000.0,4232000.0,1000.0,0,1.0361862219999691,50.0,10.0,0.0,42320.0,42320.0,20.0,1058.0,4232.0
3,fedprox,0.1,0.0,0.005,ideal,0.956140350877193,0.9526381387619444,0.6431928893937789,0.4473684210526316,6.0,50,300.0,1269600.0,1269600.0,2539200.0,1000.0,0,0.7041620260000627,50.0,6.0,0.0,25392.0,25392.0,20.0,1058.0,4232.0
4,fedprox,0.1,0.0,0.005,ideal,0.9473684210526316,0.9434523809523808,0.7148285248500622,0.4473684210526316,6.0,50,300.0,1269600.0,1269600.0,2539200.0,1000.0,0,0.6308987689999412,50.0,6.0,0.0,25392.0,25392.0,20.0,1058.0,4232.0
0,fedprox,0.1,0.0,0.01,ideal,0.9473684210526316,0.942866688940862,0.8933046902971716,0.4285714285714285,7.0,50,350.0,1481200.0,1481200.0,2962400.0,1000.0,0,0.7304146049999645,50.0,7.0,0.0,29624.0,29624.0,20.0,1058.0,4232.0
1,fedprox,0.1,0.0,0.01,ideal,0.956140350877193,0.9526381387619444,0.7960351175304445,0.4848484848484848,5.0,50,250.0,1058000.0,1058000.0,2116000.0,1000.0,0,0.6576158469999882,50.0,5.0,0.0,21160.0,21160.0,20.0,1058.0,4232.0
2,fedprox,0.1,0.0,0.01,ideal,0.956140350877193,0.9521289997480472,0.9380641145347028,0.4705882352941176,10.0,50,500.0,2116000.0,2116000.0,4232000.0,1000.0,0,1.111822694000011,50.0,10.0,0.0,42320.0,42320.0,20.0,1058.0,4232.0
3,fedprox,0.1,0.0,0.01,ideal,0.956140350877193,0.9526381387619444,0.6398860110869006,0.4444444444444444,6.0,50,300.0,1269600.0,1269600.0,2539200.0,1000.0,0,0.6679884310000261,50.0,6.0,0.0,25392.0,25392.0,20.0,1058.0,4232.0
4,fedprox,0.1,0.0,0.01,ideal,0.9473684210526316,0.9434523809523808,0.7065469513510972,0.4473684210526316,6.0,50,300.0,1269600.0,1269600.0,2539200.0,1000.0,0,0.6820496429999139,50.0,6.0,0.0,25392.0,25392.0,20.0,1058.0,4232.0
0,fedprox,0.1,0.0,0.02,ideal,0.9649122807017544,0.9614864864864864,0.8664965986394558,0.3333333333333333,7.0,50,350.0,1481200.0,1481200.0,2962400.0,1000.0,0,0.7181178060000093,50.0,7.0,0.0,29624.0,29624.0,20.0,1058.0,4232.0
1,fedprox,0.1,0.0,0.02,ideal,0.9736842105263158,0.9715828832571666,0.6947017841971113,0.4848484848484848,5.0,50,250.0,1058000.0,1058000.0,2116000.0,1000.0,0,0.5570005739999715,50.0,5.0,0.0,21160.0,21160.0,20.0,1058.0,4232.0
2,fedprox,0.1,0.0,0.02,ideal,0.956140350877193,0.9521289997480472,0.9395767195767196,0.4857142857142857,10.0,50,500.0,2116000.0,2116000.0,4232000.0,1000.0,0,1.0923110800000586,50.0,10.0,0.0,42320.0,42320.0,20.0,1058.0,4232.0
3,fedprox,0.1,0.0,0.02,ideal,0.9649122807017544,0.9619111259605746,0.7219037219037219,0.4324324324324324,6.0,50,300.0,1269600.0,1269600.0,2539200.0,1000.0,0,0.828991690999942,50.0,6.0,0.0,25392.0,25392.0,20.0,1058.0,4232.0
4,fedprox,0.1,0.0,0.02,ideal,0.9736842105263158,0.9715828832571666,0.8095116437507741,0.4615384615384615,6.0,50,300.0,1269600.0,1269600.0,2539200.0,1000.0,0,0.7540439249999054,50.0,6.0,0.0,25392.0,25392.0,20.0,1058.0,4232.0
