seed,method,alpha,dropout,noise_std,test_accuracy,test_macro_f1,worst_client_f1,mean_client_f1,target_clients,retained_clients,global_rounds,local_epochs,learning_rate
0,FedAvg,100.0,0.0,0.0,0.9035087719298246,0.8968325791855204,0.8901098901098901,0.9505523234934999,10,10,25,2,0.03
1,FedAvg,100.0,0.0,0.0,0.9298245614035088,0.9238222519211494,0.8285714285714285,0.9344195673607439,10,10,25,2,0.03
2,FedAvg,100.0,0.0,0.0,0.9649122807017544,0.9614864864864865,0.8952380952380952,0.9428792122909769,10,10,25,2,0.03
0,FedAvg,100.0,0.2,0.0,0.9035087719298246,0.8968325791855204,0.8901098901098901,0.9505523234934999,10,10,25,2,0.03
1,FedAvg,100.0,0.2,0.0,0.9385964912280702,0.9329805996472662,0.8285714285714285,0.9255306784718551,10,10,25,2,0.03
2,FedAvg,100.0,0.2,0.0,0.9649122807017544,0.9614864864864865,0.8952380952380952,0.9428792122909769,10,10,25,2,0.03
0,FedAvg,0.1,0.0,0.0,0.9210526315789473,0.9147486497714998,0.42857142857142855,0.7899814471243042,10,7,25,2,0.03
1,FedAvg,0.1,0.0,0.0,0.9210526315789473,0.912836632401665,0.48484848484848486,0.6947017841971114,10,5,25,2,0.03
2,FedAvg,0.1,0.0,0.0,0.9473684210526315,0.9415384615384615,0.42857142857142855,0.816409978909979,10,10,25,2,0.03
0,FedAvg,0.1,0.2,0.0,0.8859649122807017,0.8708496732026143,0.3333333333333333,0.6720303506017792,10,7,25,2,0.03
1,FedAvg,0.1,0.2,0.0,0.9385964912280702,0.933693394266722,0.48484848484848486,0.7960351175304446,10,5,25,2,0.03
2,FedAvg,0.1,0.2,0.0,0.9649122807017544,0.9614864864864865,0.42857142857142855,0.8719655344655344,10,10,25,2,0.03
0,FedAvg,0.1,0.0,0.01,0.8947368421052632,0.8830769230769231,0.3333333333333333,0.6982369175060205,10,7,25,2,0.03
1,FedAvg,0.1,0.0,0.01,0.9122807017543859,0.9025641025641026,0.48484848484848486,0.693332414827742,10,5,25,2,0.03
2,FedAvg,0.1,0.0,0.01,0.956140350877193,0.951575906889814,0.42857142857142855,0.816409978909979,10,10,25,2,0.03
