method,dropout,n_seeds,macro_f1_mean,macro_f1_sd,worst_client_f1_mean,worst_client_f1_sd,communication_bytes_mean
fedavg,0.0,10,0.9468274178816791,0.009980353966599723,0.45254044201412624,0.019297915339953384,2877760.0
fedavg,0.1,5,0.9487792152188108,0.008186487762977252,0.4557489981638588,0.022057150304961328,2567977.6
fedavg,0.2,5,0.9468274178816791,0.010585763952637089,0.45254044201412624,0.02046853019946741,2330985.6
fedavg,0.3,5,0.9471069005942544,0.01374785626475717,0.45254044201412624,0.02046853019946741,2033052.8
fedavg,0.4,5,0.9507119049267395,0.010214709196437495,0.4557489981638588,0.022057150304961328,1772361.6
fedprox,0.0,20,0.9468274178816791,0.009714163223099086,0.45254044201412624,0.01878321150785028,2877760.0
fedprox,0.1,5,0.9487792152188108,0.008186487762977252,0.4557489981638588,0.022057150304961328,2567977.6
fedprox,0.2,5,0.9468274178816791,0.010585763952637089,0.45254044201412624,0.02046853019946741,2330985.6
fedprox,0.3,5,0.9471069005942544,0.01374785626475717,0.45254044201412624,0.02046853019946741,2033052.8
fedprox,0.4,5,0.9507119049267395,0.010214709196437495,0.4557489981638588,0.022057150304961328,1772361.6
