method,alpha,n_seeds,macro_f1_mean,macro_f1_sd,accuracy_mean,accuracy_sd,mean_client_f1,worst_client_f1_mean,worst_client_f1_sd
centralized,0.1,5,0.950519166883318,0.012208766476629669,0.9543859649122808,0.01143719720210989,,,
fedavg,0.1,10,0.9468274178816791,0.009980353966599693,0.9508771929824562,0.009429541226080154,0.8189895596353358,0.45254044201412624,0.019297915339953384
fedprox,0.1,20,0.946827417881679,0.009714163223099072,0.950877192982456,0.009178041469835014,0.8189895596353356,0.45254044201412624,0.018783211507850284
local_only,0.1,5,,,,,0.5147857384493627,0.17656581847325184,0.11816087956509014
centralized,1.0,5,0.950519166883318,0.012208766476629669,0.9543859649122808,0.01143719720210989,,,
fedavg,1.0,5,0.9468274178816791,0.010585763952637052,0.9508771929824562,0.010001538816659083,0.8909987285277122,0.628968253968254,0.1657666553508367
fedprox,1.0,5,0.9468274178816791,0.010585763952637052,0.9508771929824562,0.010001538816659083,0.8909987285277122,0.628968253968254,0.1657666553508367
local_only,1.0,5,,,,,0.4464635015461278,0.061904761904761886,0.08518354199999195
centralized,10.0,5,0.950519166883318,0.012208766476629669,0.9543859649122808,0.01143719720210989,,,
fedavg,10.0,5,0.950519166883318,0.012208766476629669,0.9543859649122808,0.01143719720210989,0.9536986918310447,0.8553235653235653,0.016654385041327845
fedprox,10.0,5,0.950519166883318,0.012208766476629669,0.9543859649122808,0.01143719720210989,0.9536986918310447,0.8553235653235653,0.016654385041327845
local_only,10.0,5,,,,,0.4810559483404079,0.26592518592518594,0.0397103959010296
centralized,100.0,5,0.950519166883318,0.012208766476629669,0.9543859649122808,0.01143719720210989,,,
fedavg,100.0,5,0.950519166883318,0.012208766476629669,0.9543859649122808,0.01143719720210989,0.9537139951551715,0.8633301012712776,0.04415398910525146
fedprox,100.0,5,0.950519166883318,0.012208766476629669,0.9543859649122808,0.01143719720210989,0.9537139951551715,0.8633301012712776,0.04415398910525146
local_only,100.0,5,,,,,0.4776054833539353,0.2077289377289377,0.07573724024748581
